Distributions File,,,,,,,,,,,,,,,,,,,,
"This file is designed to designate the specific amino acid distributions at certain sites. Please copy a blank format for your entry, and fill in appropriate boxes.",,,,,,,,,,,,,,,,,,,,
Mutations will be preferentially made towards distributions with the specific position marker; blank distributions will be used as a default.,,,,,,,,,,,,,,,,,,,,
"If no distribution is provided, NNN will be used for all positions.",,,,,,,,,,,,,,,,,,,,
,,,,,,,,,,,,,,,,,,,,
ID:,NNN,Notes:,No preference,,,,,,,,,,,,,,,,,
Position,A,C,D,E,F,G,H,I,K,L,M,N,P,Q,R,S,T,V,W,Y
,0.05,0.05,0.05,0.05,0.05,0.05,0.05,0.05,0.05,0.05,0.05,0.05,0.05,0.05,0.05,0.05,0.05,0.05,0.05,0.05
,,,,,,,,,,,,,,,,,,,,
ID:,CDR,Notes:,CDR mutation distribution,,,,,,,,,,,,,,,,,
Position,A,C,D,E,F,G,H,I,K,L,M,N,P,Q,R,S,T,V,W,Y
,0.0625,0.051,0.10625,0.01875,0.034,0.0375,0.06375,0.017,0.015,0.021,0.003,0.085,0.0375,0.01125,0.027,0.1255,0.05,0.025,0.009,0.17
,,,,,,,,,,,,,,,,,,,,
ID:,ALASCAN,Notes:,"Reduce all positions to alanine for a quick scan of ""blank state"" paratopes",,,,,,,,,,,,,,,,,
Position,A,C,D,E,F,G,H,I,K,L,M,N,P,Q,R,S,T,V,W,Y
,1,0,0,0,0,0,0,0,0,0,0,0,0,0,0,0,0,0,0,0
,,,,,,,,,,,,,,,,,,,,
ID:,NNK,Notes:,Example of a position by position mutation scheme,,,,,,,,,,,,,,,,,
Position,A,C,D,E,F,G,H,I,K,L,M,N,P,Q,R,S,T,V,W,Y
,0.064516129,0.032258065,0.032258065,0.032258065,0.032258065,0.064516129,0.032258065,0.032258065,0.032258065,0.096774194,0.032258065,0.032258065,0.064516129,0.032258065,0.096774194,0.096774194,0.064516129,0.064516129,0.032258065,0.032258065
